keywords,count_num
泰国,2
巴西,1
体能,1
地区,2
赛程,2
决赛,2
状态,4
更衣室,1
信心,2
比赛,74
队员,1
奥运会,75
出线,3
广播体操,1
关键,2
泰国队,7
东京,52
工作,8
阿根廷,1
体感,1
卡塔尔,2
韩国,6
勇气,1
首脑,2
责任,1
篮联,2
英國,1
谢思,2
玫瑰,1
德国,1
传奇,1
韩国队,7
战场,1
政要,1
中国女排,3
女子,4
阵容,1
闭幕式,5
英国,11
销售,1
信念,1
乘客,1
记者,3
威尔士,1
公主,1
新闻,1
抗击,2
全身,1
進行,2
重庆,1
訓練,1
东道主,2
国家,3
土耳其,4
主场,1
梅阿,1
田径,1
球迷,1
产业,1
竞走,1
创意,1
比利时,1
阑尾,1
运动队,1
舆论,1
祖国,1
国羽,1
姑娘,4
国字号,1
抽签,1
精神,7
球队,13
疫情,38
女排,2
劣势,1
中國,11
问题,1
中国,189
尾声,1
澳大利亚,34
基地,2
计划,1
赛事,2
全英,1
检测,1
金牌,1
媒體,1
联合会,1
钻石,1
医院,3
皇居,1
门票,4
邮轮,1
日本队,1
小品,1
领衔,1
人民,2
小组,25
力量,4
中国队,52
王励勤,1
病毒,2
上海,3
医疗队,2
运动员,6
训练,13
女足,97
王海飞,1
跳水,1
时间,2
体操队,1
查球,1
三大球,1
希腊,3
刘诗,1
实力,1
年度,1
球员,9
节目,1
世锦赛,2
标志,1
残奥会,1
開賽,1
东奥,1
引导员,2
胜利,6
车祸,1
运动,2
乒乓球,2
集团,1
球衣,1
確診,1
女篮,76
成绩,2
许利民,6
目标,4
游戏,1
防护服,1
援手,1
队伍,6
时分,1
悉尼,2
拒签,4
名单,2
收入,1
国际,5
多哈,1
冼东妹,2
掌声,1
精气神,1
奥组委,10
健身,4
男单,1
世乒赛,2
法拉赫,1
柔道,4
马来西亚,1
男子,1
郑军,1
资格赛,8
王霜,2
国乒,4
奥运,25
梦想,1
利民,1
肺炎,2
女队,1
伦敦,1
世界杯,1
媒体,1
沙特,1
韩日,1
斯诺克,1
羽毛球队,1
石智勇,1
马拉松,1
病房,1
李梦,4
手球,2
表扬,2
狂喜,1
葛曼棋,1
联盟,1
谌龙,1
女性,1
大赛,1
美国,4
佳丽,1
這種,1
净胜球,2
检查,1
开幕式,3
斗志,1
台北,3
赛场,1
行程,2
企业,1
政府,2
乒协,1
广州,1
韩旭,3
美国队,2
吴海燕,1
马君,1
中心,1
职业,1
预赛,8
得分,1
百分,1
贾秀全,5
开局,1
開閉,1
六大,1
野村,3
邹敬园,1
头名,2
刘诗雯,1
亚洲区,1
对阵,2
入场券,2
措施,1
也门,1
拳击,1
阳光,2
镜子,1
招募,2
退役,1
总局,1
资格,1
日报,1
狂言,1
健儿,1
鼓气,1
唐佳丽,9
选手,1
分组,1
团队,1
影响,3
对手,8
读者,1
火炬手,1
俱乐部,1
防守,1
推动者,1
项目,2
塞尔维亚,1
重症,1
宁波,1
泰山,1
改定,1
林丹,1
波多黎各,1
孙海平,1
全球,3
外援,1
徐惠琴,1
联赛,1
選賽,1
迴賽,1
男篮,8
进球,2
视频,2
接力,1
病人,1
手肘,1
圣火,1
防疫,1
禽流感,1
武汉,7
火炬,1
安倍,1
卫视,1
白沙,1
体育,14
隔离,4
预选赛,7
助攻,1
条件,2
闽将,1
爱心,1
附加赛,11
王珊珊,1
患者,1
单项,1
澳洲,1
体操,2
西班牙,14
搭档,1
篮球,1
京都,1
佳绩,1
祝福,1
乌拉圭,1
关系,1
器材,1
罗桂平,1
技战术,1
田贤斗,3
加拿大,8
日本,22
李影,6
冠军,3
频道,1
积分,3
冲奥,1
公开赛,6
交通,1
冠军赛,1
森喜朗,1
世界,6
